0,down-the-line,0.mp4
1,down-the-line,1.mp4
2,down-the-line,2.mp4
3,down-the-line,3.mp4
4,down-the-line,4.mp4
5,down-the-line,5.mp4
6,down-the-line,6.mp4
7,down-the-line,7.mp4
12,down-the-line,12.mp4
23,down-the-line,23.mp4
24,down-the-line,24.mp4
33,down-the-line,33.mp4
37,down-the-line,37.mp4
38,down-the-line,38.mp4
39,down-the-line,39.mp4
40,down-the-line,40.mp4
43,down-the-line,43.mp4
45,down-the-line,45.mp4
46,down-the-line,46.mp4
47,down-the-line,47.mp4
48,down-the-line,48.mp4
50,down-the-line,50.mp4
55,down-the-line,55.mp4
56,down-the-line,56.mp4
62,down-the-line,62.mp4
63,down-the-line,63.mp4
64,down-the-line,64.mp4
65,down-the-line,65.mp4
70,down-the-line,70.mp4
71,down-the-line,71.mp4
73,down-the-line,73.mp4
76,down-the-line,76.mp4
77,down-the-line,77.mp4
80,down-the-line,80.mp4
81,down-the-line,81.mp4
82,down-the-line,82.mp4
83,down-the-line,83.mp4
88,down-the-line,88.mp4
89,down-the-line,89.mp4
92,down-the-line,92.mp4
93,down-the-line,93.mp4
94,down-the-line,94.mp4
106,down-the-line,106.mp4
107,down-the-line,107.mp4
108,down-the-line,108.mp4
109,down-the-line,109.mp4
112,down-the-line,112.mp4
113,down-the-line,113.mp4
119,down-the-line,119.mp4
120,down-the-line,120.mp4
121,down-the-line,121.mp4
122,down-the-line,122.mp4
123,down-the-line,123.mp4
124,down-the-line,124.mp4
125,down-the-line,125.mp4
126,down-the-line,126.mp4
130,down-the-line,130.mp4
131,down-the-line,131.mp4
132,down-the-line,132.mp4
133,down-the-line,133.mp4
134,down-the-line,134.mp4
135,down-the-line,135.mp4
142,down-the-line,142.mp4
143,down-the-line,143.mp4
146,down-the-line,146.mp4
147,down-the-line,147.mp4
166,down-the-line,166.mp4
167,down-the-line,167.mp4
168,down-the-line,168.mp4
170,down-the-line,170.mp4
171,down-the-line,171.mp4
174,down-the-line,174.mp4
178,down-the-line,178.mp4
179,down-the-line,179.mp4
180,down-the-line,180.mp4
181,down-the-line,181.mp4
184,down-the-line,184.mp4
185,down-the-line,185.mp4
186,down-the-line,186.mp4
189,down-the-line,189.mp4
191,down-the-line,191.mp4
192,down-the-line,192.mp4
193,down-the-line,193.mp4
194,down-the-line,194.mp4
197,down-the-line,197.mp4
198,down-the-line,198.mp4
199,down-the-line,199.mp4
200,down-the-line,200.mp4
201,down-the-line,201.mp4
202,down-the-line,202.mp4
203,down-the-line,203.mp4
207,down-the-line,207.mp4
209,down-the-line,209.mp4
214,down-the-line,214.mp4
215,down-the-line,215.mp4
218,down-the-line,218.mp4
219,down-the-line,219.mp4
220,down-the-line,220.mp4
227,down-the-line,227.mp4
228,down-the-line,228.mp4
233,down-the-line,233.mp4
234,down-the-line,234.mp4
235,down-the-line,235.mp4
236,down-the-line,236.mp4
239,down-the-line,239.mp4
240,down-the-line,240.mp4
241,down-the-line,241.mp4
242,down-the-line,242.mp4
243,down-the-line,243.mp4
245,down-the-line,245.mp4
250,down-the-line,250.mp4
251,down-the-line,251.mp4
252,down-the-line,252.mp4
253,down-the-line,253.mp4
254,down-the-line,254.mp4
255,down-the-line,255.mp4
260,down-the-line,260.mp4
261,down-the-line,261.mp4
262,down-the-line,262.mp4
263,down-the-line,263.mp4
264,down-the-line,264.mp4
265,down-the-line,265.mp4
266,down-the-line,266.mp4
267,down-the-line,267.mp4
269,down-the-line,269.mp4
270,down-the-line,270.mp4
289,down-the-line,289.mp4
290,down-the-line,290.mp4
291,down-the-line,291.mp4
292,down-the-line,292.mp4
293,down-the-line,293.mp4
294,down-the-line,294.mp4
300,down-the-line,300.mp4
301,down-the-line,301.mp4
304,down-the-line,304.mp4
305,down-the-line,305.mp4
306,down-the-line,306.mp4
307,down-the-line,307.mp4
312,down-the-line,312.mp4
313,down-the-line,313.mp4
314,down-the-line,314.mp4
315,down-the-line,315.mp4
316,down-the-line,316.mp4
317,down-the-line,317.mp4
318,down-the-line,318.mp4
319,down-the-line,319.mp4
320,down-the-line,320.mp4
321,down-the-line,321.mp4
324,down-the-line,324.mp4
325,down-the-line,325.mp4
326,down-the-line,326.mp4
327,down-the-line,327.mp4
333,down-the-line,333.mp4
335,down-the-line,335.mp4
339,down-the-line,339.mp4
341,down-the-line,341.mp4
343,down-the-line,343.mp4
344,down-the-line,344.mp4
349,down-the-line,349.mp4
350,down-the-line,350.mp4
353,down-the-line,353.mp4
354,down-the-line,354.mp4
355,down-the-line,355.mp4
356,down-the-line,356.mp4
357,down-the-line,357.mp4
358,down-the-line,358.mp4
361,down-the-line,361.mp4
362,down-the-line,362.mp4
365,down-the-line,365.mp4
366,down-the-line,366.mp4
367,down-the-line,367.mp4
380,down-the-line,380.mp4
383,down-the-line,383.mp4
388,down-the-line,388.mp4
389,down-the-line,389.mp4
394,down-the-line,394.mp4
395,down-the-line,395.mp4
396,down-the-line,396.mp4
397,down-the-line,397.mp4
398,down-the-line,398.mp4
399,down-the-line,399.mp4
402,down-the-line,402.mp4
403,down-the-line,403.mp4
406,down-the-line,406.mp4
407,down-the-line,407.mp4
410,down-the-line,410.mp4
411,down-the-line,411.mp4
412,down-the-line,412.mp4
413,down-the-line,413.mp4
418,down-the-line,418.mp4
419,down-the-line,419.mp4
426,down-the-line,426.mp4
427,down-the-line,427.mp4
430,down-the-line,430.mp4
431,down-the-line,431.mp4
432,down-the-line,432.mp4
433,down-the-line,433.mp4
437,down-the-line,437.mp4
441,down-the-line,441.mp4
443,down-the-line,443.mp4
446,down-the-line,446.mp4
448,down-the-line,448.mp4
449,down-the-line,449.mp4
452,down-the-line,452.mp4
453,down-the-line,453.mp4
458,down-the-line,458.mp4
459,down-the-line,459.mp4
464,down-the-line,464.mp4
465,down-the-line,465.mp4
468,down-the-line,468.mp4
469,down-the-line,469.mp4
470,down-the-line,470.mp4
471,down-the-line,471.mp4
472,down-the-line,472.mp4
473,down-the-line,473.mp4
474,down-the-line,474.mp4
475,down-the-line,475.mp4
476,down-the-line,476.mp4
477,down-the-line,477.mp4
478,down-the-line,478.mp4
479,down-the-line,479.mp4
482,down-the-line,482.mp4
483,down-the-line,483.mp4
485,down-the-line,485.mp4
490,down-the-line,490.mp4
491,down-the-line,491.mp4
496,down-the-line,496.mp4
497,down-the-line,497.mp4
504,down-the-line,504.mp4
505,down-the-line,505.mp4
508,down-the-line,508.mp4
509,down-the-line,509.mp4
514,down-the-line,514.mp4
515,down-the-line,515.mp4
518,down-the-line,518.mp4
520,down-the-line,520.mp4
524,down-the-line,524.mp4
525,down-the-line,525.mp4
530,down-the-line,530.mp4
531,down-the-line,531.mp4
536,down-the-line,536.mp4
537,down-the-line,537.mp4
540,down-the-line,540.mp4
541,down-the-line,541.mp4
544,down-the-line,544.mp4
548,down-the-line,548.mp4
553,down-the-line,553.mp4
554,down-the-line,554.mp4
568,down-the-line,568.mp4
569,down-the-line,569.mp4
574,down-the-line,574.mp4
575,down-the-line,575.mp4
576,down-the-line,576.mp4
577,down-the-line,577.mp4
578,down-the-line,578.mp4
580,down-the-line,580.mp4
581,down-the-line,581.mp4
586,down-the-line,586.mp4
587,down-the-line,587.mp4
588,down-the-line,588.mp4
589,down-the-line,589.mp4
590,down-the-line,590.mp4
591,down-the-line,591.mp4
592,down-the-line,592.mp4
594,down-the-line,594.mp4
595,down-the-line,595.mp4
598,down-the-line,598.mp4
599,down-the-line,599.mp4
604,down-the-line,604.mp4
605,down-the-line,605.mp4
606,down-the-line,606.mp4
607,down-the-line,607.mp4
608,down-the-line,608.mp4
609,down-the-line,609.mp4
610,down-the-line,610.mp4
611,down-the-line,611.mp4
614,down-the-line,614.mp4
615,down-the-line,615.mp4
616,down-the-line,616.mp4
617,down-the-line,617.mp4
621,down-the-line,621.mp4
622,down-the-line,622.mp4
624,down-the-line,624.mp4
625,down-the-line,625.mp4
638,down-the-line,638.mp4
639,down-the-line,639.mp4
642,down-the-line,642.mp4
643,down-the-line,643.mp4
644,down-the-line,644.mp4
645,down-the-line,645.mp4
648,down-the-line,648.mp4
649,down-the-line,649.mp4
650,down-the-line,650.mp4
651,down-the-line,651.mp4
658,down-the-line,658.mp4
659,down-the-line,659.mp4
662,down-the-line,662.mp4
663,down-the-line,663.mp4
666,down-the-line,666.mp4
667,down-the-line,667.mp4
668,down-the-line,668.mp4
669,down-the-line,669.mp4
676,down-the-line,676.mp4
677,down-the-line,677.mp4
680,down-the-line,680.mp4
681,down-the-line,681.mp4
684,down-the-line,684.mp4
685,down-the-line,685.mp4
686,down-the-line,686.mp4
687,down-the-line,687.mp4
688,down-the-line,688.mp4
689,down-the-line,689.mp4
690,down-the-line,690.mp4
695,down-the-line,695.mp4
696,down-the-line,696.mp4
697,down-the-line,697.mp4
698,down-the-line,698.mp4
703,down-the-line,703.mp4
705,down-the-line,705.mp4
706,down-the-line,706.mp4
707,down-the-line,707.mp4
708,down-the-line,708.mp4
711,down-the-line,711.mp4
715,down-the-line,715.mp4
716,down-the-line,716.mp4
719,down-the-line,719.mp4
720,down-the-line,720.mp4
721,down-the-line,721.mp4
722,down-the-line,722.mp4
723,down-the-line,723.mp4
724,down-the-line,724.mp4
725,down-the-line,725.mp4
726,down-the-line,726.mp4
727,down-the-line,727.mp4
728,down-the-line,728.mp4
730,down-the-line,730.mp4
733,down-the-line,733.mp4
734,down-the-line,734.mp4
741,down-the-line,741.mp4
742,down-the-line,742.mp4
743,down-the-line,743.mp4
744,down-the-line,744.mp4
751,down-the-line,751.mp4
752,down-the-line,752.mp4
753,down-the-line,753.mp4
754,down-the-line,754.mp4
759,down-the-line,759.mp4
760,down-the-line,760.mp4
761,down-the-line,761.mp4
762,down-the-line,762.mp4
769,down-the-line,769.mp4
770,down-the-line,770.mp4
771,down-the-line,771.mp4
772,down-the-line,772.mp4
779,down-the-line,779.mp4
780,down-the-line,780.mp4
783,down-the-line,783.mp4
784,down-the-line,784.mp4
787,down-the-line,787.mp4
788,down-the-line,788.mp4
794,down-the-line,794.mp4
795,down-the-line,795.mp4
802,down-the-line,802.mp4
805,down-the-line,805.mp4
806,down-the-line,806.mp4
807,down-the-line,807.mp4
808,down-the-line,808.mp4
812,down-the-line,812.mp4
813,down-the-line,813.mp4
820,down-the-line,820.mp4
821,down-the-line,821.mp4
824,down-the-line,824.mp4
825,down-the-line,825.mp4
826,down-the-line,826.mp4
827,down-the-line,827.mp4
832,down-the-line,832.mp4
833,down-the-line,833.mp4
838,down-the-line,838.mp4
839,down-the-line,839.mp4
840,down-the-line,840.mp4
841,down-the-line,841.mp4
847,down-the-line,847.mp4
848,down-the-line,848.mp4
851,down-the-line,851.mp4
852,down-the-line,852.mp4
855,down-the-line,855.mp4
857,down-the-line,857.mp4
860,down-the-line,860.mp4
862,down-the-line,862.mp4
865,down-the-line,865.mp4
866,down-the-line,866.mp4
867,down-the-line,867.mp4
868,down-the-line,868.mp4
871,down-the-line,871.mp4
872,down-the-line,872.mp4
873,down-the-line,873.mp4
874,down-the-line,874.mp4
897,down-the-line,897.mp4
898,down-the-line,898.mp4
903,down-the-line,903.mp4
904,down-the-line,904.mp4
905,down-the-line,905.mp4
906,down-the-line,906.mp4
915,down-the-line,915.mp4
916,down-the-line,916.mp4
917,down-the-line,917.mp4
918,down-the-line,918.mp4
923,down-the-line,923.mp4
924,down-the-line,924.mp4
931,down-the-line,931.mp4
932,down-the-line,932.mp4
937,down-the-line,937.mp4
938,down-the-line,938.mp4
941,down-the-line,941.mp4
942,down-the-line,942.mp4
943,down-the-line,943.mp4
944,down-the-line,944.mp4
945,down-the-line,945.mp4
946,down-the-line,946.mp4
949,down-the-line,949.mp4
950,down-the-line,950.mp4
963,down-the-line,963.mp4
964,down-the-line,964.mp4
967,down-the-line,967.mp4
968,down-the-line,968.mp4
979,down-the-line,979.mp4
980,down-the-line,980.mp4
981,down-the-line,981.mp4
982,down-the-line,982.mp4
987,down-the-line,987.mp4
988,down-the-line,988.mp4
989,down-the-line,989.mp4
990,down-the-line,990.mp4
999,down-the-line,999.mp4
1000,down-the-line,1000.mp4
1001,down-the-line,1001.mp4
1002,down-the-line,1002.mp4
1020,down-the-line,1020.mp4
1021,down-the-line,1021.mp4
1026,down-the-line,1026.mp4
1027,down-the-line,1027.mp4
1033,down-the-line,1033.mp4
1035,down-the-line,1035.mp4
1036,down-the-line,1036.mp4
1037,down-the-line,1037.mp4
1039,down-the-line,1039.mp4
1052,down-the-line,1052.mp4
1058,down-the-line,1058.mp4
1061,down-the-line,1061.mp4
1062,down-the-line,1062.mp4
1077,down-the-line,1077.mp4
1079,down-the-line,1079.mp4
1082,down-the-line,1082.mp4
1083,down-the-line,1083.mp4
1084,down-the-line,1084.mp4
1085,down-the-line,1085.mp4
1086,down-the-line,1086.mp4
1087,down-the-line,1087.mp4
1094,down-the-line,1094.mp4
1095,down-the-line,1095.mp4
1103,down-the-line,1103.mp4
1111,down-the-line,1111.mp4
1112,down-the-line,1112.mp4
1117,down-the-line,1117.mp4
1118,down-the-line,1118.mp4
1119,down-the-line,1119.mp4
1120,down-the-line,1120.mp4
1121,down-the-line,1121.mp4
1122,down-the-line,1122.mp4
1127,down-the-line,1127.mp4
1128,down-the-line,1128.mp4
1133,down-the-line,1133.mp4
1135,down-the-line,1135.mp4
1136,down-the-line,1136.mp4
1139,down-the-line,1139.mp4
1140,down-the-line,1140.mp4
1141,down-the-line,1141.mp4
1142,down-the-line,1142.mp4
1147,down-the-line,1147.mp4
1148,down-the-line,1148.mp4
1149,down-the-line,1149.mp4
1150,down-the-line,1150.mp4
1151,down-the-line,1151.mp4
1152,down-the-line,1152.mp4
1158,down-the-line,1158.mp4
1159,down-the-line,1159.mp4
1170,down-the-line,1170.mp4
1171,down-the-line,1171.mp4
1172,down-the-line,1172.mp4
1173,down-the-line,1173.mp4
1174,down-the-line,1174.mp4
1175,down-the-line,1175.mp4
1189,down-the-line,1189.mp4
1193,down-the-line,1193.mp4
1194,down-the-line,1194.mp4
1197,down-the-line,1197.mp4
1198,down-the-line,1198.mp4
1201,down-the-line,1201.mp4
1202,down-the-line,1202.mp4
1203,down-the-line,1203.mp4
1204,down-the-line,1204.mp4
1215,down-the-line,1215.mp4
1216,down-the-line,1216.mp4
1221,down-the-line,1221.mp4
1222,down-the-line,1222.mp4
1223,down-the-line,1223.mp4
1224,down-the-line,1224.mp4
1225,down-the-line,1225.mp4
1226,down-the-line,1226.mp4
1227,down-the-line,1227.mp4
1228,down-the-line,1228.mp4
1229,down-the-line,1229.mp4
1230,down-the-line,1230.mp4
1231,down-the-line,1231.mp4
1232,down-the-line,1232.mp4
1240,down-the-line,1240.mp4
1241,down-the-line,1241.mp4
1242,down-the-line,1242.mp4
1247,down-the-line,1247.mp4
1248,down-the-line,1248.mp4
1266,down-the-line,1266.mp4
1267,down-the-line,1267.mp4
1268,down-the-line,1268.mp4
1269,down-the-line,1269.mp4
1272,down-the-line,1272.mp4
1273,down-the-line,1273.mp4
1274,down-the-line,1274.mp4
1275,down-the-line,1275.mp4
1276,down-the-line,1276.mp4
1277,down-the-line,1277.mp4
1284,down-the-line,1284.mp4
1285,down-the-line,1285.mp4
1286,down-the-line,1286.mp4
1287,down-the-line,1287.mp4
1288,down-the-line,1288.mp4
1289,down-the-line,1289.mp4
1295,down-the-line,1295.mp4
1296,down-the-line,1296.mp4
1299,down-the-line,1299.mp4
1300,down-the-line,1300.mp4
1301,down-the-line,1301.mp4
1302,down-the-line,1302.mp4
1305,down-the-line,1305.mp4
1306,down-the-line,1306.mp4
1311,down-the-line,1311.mp4
1312,down-the-line,1312.mp4
1313,down-the-line,1313.mp4
1314,down-the-line,1314.mp4
1315,down-the-line,1315.mp4
1316,down-the-line,1316.mp4
1317,down-the-line,1317.mp4
1318,down-the-line,1318.mp4
1321,down-the-line,1321.mp4
1322,down-the-line,1322.mp4
1333,down-the-line,1333.mp4
1334,down-the-line,1334.mp4
1335,down-the-line,1335.mp4
1336,down-the-line,1336.mp4
1337,down-the-line,1337.mp4
1338,down-the-line,1338.mp4
1341,down-the-line,1341.mp4
1344,down-the-line,1344.mp4
1345,down-the-line,1345.mp4
1346,down-the-line,1346.mp4
1347,down-the-line,1347.mp4
1356,down-the-line,1356.mp4
1357,down-the-line,1357.mp4
1358,down-the-line,1358.mp4
1359,down-the-line,1359.mp4
1361,down-the-line,1361.mp4
1365,down-the-line,1365.mp4
1366,down-the-line,1366.mp4
1367,down-the-line,1367.mp4
1378,down-the-line,1378.mp4
1379,down-the-line,1379.mp4
1380,down-the-line,1380.mp4
1381,down-the-line,1381.mp4
1382,down-the-line,1382.mp4
1383,down-the-line,1383.mp4
1392,down-the-line,1392.mp4
1393,down-the-line,1393.mp4
1394,down-the-line,1394.mp4
1395,down-the-line,1395.mp4
1398,down-the-line,1398.mp4
1399,down-the-line,1399.mp4
