0,down-the-line,0.mp4
1020,down-the-line,1020.mp4
1033,down-the-line,1033.mp4
1036,down-the-line,1036.mp4
1039,down-the-line,1039.mp4
106,down-the-line,106.mp4
1061,down-the-line,1061.mp4
1077,down-the-line,1077.mp4
108,down-the-line,108.mp4
1082,down-the-line,1082.mp4
1084,down-the-line,1084.mp4
1086,down-the-line,1086.mp4
1094,down-the-line,1094.mp4
1103,down-the-line,1103.mp4
1111,down-the-line,1111.mp4
1117,down-the-line,1117.mp4
1119,down-the-line,1119.mp4
112,down-the-line,112.mp4
1127,down-the-line,1127.mp4
1139,down-the-line,1139.mp4
1140,down-the-line,1140.mp4
1141,down-the-line,1141.mp4
1147,down-the-line,1147.mp4
1158,down-the-line,1158.mp4
1170,down-the-line,1170.mp4
1172,down-the-line,1172.mp4
1173,down-the-line,1173.mp4
119,down-the-line,119.mp4
1197,down-the-line,1197.mp4
12,down-the-line,12.mp4
1201,down-the-line,1201.mp4
1203,down-the-line,1203.mp4
1221,down-the-line,1221.mp4
1223,down-the-line,1223.mp4
1225,down-the-line,1225.mp4
1227,down-the-line,1227.mp4
1228,down-the-line,1228.mp4
1229,down-the-line,1229.mp4
1241,down-the-line,1241.mp4
125,down-the-line,125.mp4
1268,down-the-line,1268.mp4
1272,down-the-line,1272.mp4
1274,down-the-line,1274.mp4
1276,down-the-line,1276.mp4
1284,down-the-line,1284.mp4
1286,down-the-line,1286.mp4
1288,down-the-line,1288.mp4
1295,down-the-line,1295.mp4
1299,down-the-line,1299.mp4
130,down-the-line,130.mp4
1301,down-the-line,1301.mp4
1305,down-the-line,1305.mp4
1311,down-the-line,1311.mp4
1313,down-the-line,1313.mp4
1314,down-the-line,1314.mp4
132,down-the-line,132.mp4
1333,down-the-line,1333.mp4
1335,down-the-line,1335.mp4
1336,down-the-line,1336.mp4
1337,down-the-line,1337.mp4
1338,down-the-line,1338.mp4
134,down-the-line,134.mp4
1346,down-the-line,1346.mp4
1358,down-the-line,1358.mp4
1378,down-the-line,1378.mp4
1380,down-the-line,1380.mp4
1382,down-the-line,1382.mp4
1392,down-the-line,1392.mp4
1398,down-the-line,1398.mp4
146,down-the-line,146.mp4
168,down-the-line,168.mp4
178,down-the-line,178.mp4
184,down-the-line,184.mp4
185,down-the-line,185.mp4
189,down-the-line,189.mp4
191,down-the-line,191.mp4
192,down-the-line,192.mp4
193,down-the-line,193.mp4
198,down-the-line,198.mp4
199,down-the-line,199.mp4
2,down-the-line,2.mp4
200,down-the-line,200.mp4
201,down-the-line,201.mp4
202,down-the-line,202.mp4
207,down-the-line,207.mp4
209,down-the-line,209.mp4
218,down-the-line,218.mp4
235,down-the-line,235.mp4
239,down-the-line,239.mp4
241,down-the-line,241.mp4
243,down-the-line,243.mp4
252,down-the-line,252.mp4
254,down-the-line,254.mp4
260,down-the-line,260.mp4
262,down-the-line,262.mp4
264,down-the-line,264.mp4
266,down-the-line,266.mp4
269,down-the-line,269.mp4
289,down-the-line,289.mp4
290,down-the-line,290.mp4
293,down-the-line,293.mp4
300,down-the-line,300.mp4
304,down-the-line,304.mp4
306,down-the-line,306.mp4
312,down-the-line,312.mp4
314,down-the-line,314.mp4
316,down-the-line,316.mp4
317,down-the-line,317.mp4
320,down-the-line,320.mp4
324,down-the-line,324.mp4
326,down-the-line,326.mp4
33,down-the-line,33.mp4
339,down-the-line,339.mp4
341,down-the-line,341.mp4
343,down-the-line,343.mp4
349,down-the-line,349.mp4
355,down-the-line,355.mp4
357,down-the-line,357.mp4
361,down-the-line,361.mp4
37,down-the-line,37.mp4
396,down-the-line,396.mp4
398,down-the-line,398.mp4
4,down-the-line,4.mp4
402,down-the-line,402.mp4
410,down-the-line,410.mp4
412,down-the-line,412.mp4
426,down-the-line,426.mp4
43,down-the-line,43.mp4
430,down-the-line,430.mp4
431,down-the-line,431.mp4
437,down-the-line,437.mp4
45,down-the-line,45.mp4
452,down-the-line,452.mp4
458,down-the-line,458.mp4
468,down-the-line,468.mp4
470,down-the-line,470.mp4
474,down-the-line,474.mp4
476,down-the-line,476.mp4
482,down-the-line,482.mp4
490,down-the-line,490.mp4
504,down-the-line,504.mp4
508,down-the-line,508.mp4
514,down-the-line,514.mp4
524,down-the-line,524.mp4
530,down-the-line,530.mp4
536,down-the-line,536.mp4
540,down-the-line,540.mp4
544,down-the-line,544.mp4
55,down-the-line,55.mp4
553,down-the-line,553.mp4
574,down-the-line,574.mp4
576,down-the-line,576.mp4
578,down-the-line,578.mp4
581,down-the-line,581.mp4
586,down-the-line,586.mp4
588,down-the-line,588.mp4
592,down-the-line,592.mp4
594,down-the-line,594.mp4
598,down-the-line,598.mp4
6,down-the-line,6.mp4
604,down-the-line,604.mp4
606,down-the-line,606.mp4
608,down-the-line,608.mp4
610,down-the-line,610.mp4
62,down-the-line,62.mp4
624,down-the-line,624.mp4
638,down-the-line,638.mp4
642,down-the-line,642.mp4
644,down-the-line,644.mp4
650,down-the-line,650.mp4
666,down-the-line,666.mp4
668,down-the-line,668.mp4
680,down-the-line,680.mp4
684,down-the-line,684.mp4
686,down-the-line,686.mp4
687,down-the-line,687.mp4
689,down-the-line,689.mp4
695,down-the-line,695.mp4
696,down-the-line,696.mp4
70,down-the-line,70.mp4
703,down-the-line,703.mp4
705,down-the-line,705.mp4
711,down-the-line,711.mp4
719,down-the-line,719.mp4
721,down-the-line,721.mp4
723,down-the-line,723.mp4
725,down-the-line,725.mp4
727,down-the-line,727.mp4
73,down-the-line,73.mp4
733,down-the-line,733.mp4
741,down-the-line,741.mp4
743,down-the-line,743.mp4
751,down-the-line,751.mp4
76,down-the-line,76.mp4
760,down-the-line,760.mp4
769,down-the-line,769.mp4
771,down-the-line,771.mp4
779,down-the-line,779.mp4
783,down-the-line,783.mp4
787,down-the-line,787.mp4
802,down-the-line,802.mp4
820,down-the-line,820.mp4
824,down-the-line,824.mp4
838,down-the-line,838.mp4
840,down-the-line,840.mp4
851,down-the-line,851.mp4
855,down-the-line,855.mp4
860,down-the-line,860.mp4
865,down-the-line,865.mp4
867,down-the-line,867.mp4
871,down-the-line,871.mp4
88,down-the-line,88.mp4
903,down-the-line,903.mp4
904,down-the-line,904.mp4
915,down-the-line,915.mp4
917,down-the-line,917.mp4
931,down-the-line,931.mp4
937,down-the-line,937.mp4
94,down-the-line,94.mp4
941,down-the-line,941.mp4
943,down-the-line,943.mp4
945,down-the-line,945.mp4
949,down-the-line,949.mp4
987,down-the-line,987.mp4
989,down-the-line,989.mp4
